track_id,album_id,media_type_id,genre_id,milliseconds
1,1,1,1,343719
2,2,2,1,342562
3,3,2,1,230619
4,3,2,1,252051
5,3,2,1,375418
6,1,1,1,205662
7,1,1,1,233926
8,1,1,1,210834
9,1,1,1,203102
10,1,1,1,263497
11,1,1,1,199836
12,1,1,1,263288
13,1,1,1,205688
14,1,1,1,270863
15,4,1,1,331180
16,4,1,1,215196
17,4,1,1,366654
18,4,1,1,267728
19,4,1,1,325041
20,4,1,1,369319
21,4,1,1,254380
22,4,1,1,323761
23,5,1,1,295680
24,5,1,1,321828
25,5,1,1,264698
26,5,1,1,310622
27,5,1,1,264855
28,5,1,1,330736
29,5,1,1,309263
30,5,1,1,356519
31,5,1,1,240718
32,5,1,1,215875
33,5,1,1,244375
34,5,1,1,316656
35,5,1,1,251036
36,5,1,1,307617
37,5,1,1,381231
38,6,1,1,284891
39,6,1,1,249234
40,6,1,1,188133
41,6,1,1,221570
42,6,1,1,176117
43,6,1,1,300355
44,6,1,1,239699
45,6,1,1,267493
46,6,1,1,280607
47,6,1,1,229825
48,6,1,1,227631
49,6,1,1,293485
50,6,1,1,491885
51,7,1,1,152084
52,7,1,1,286641
53,7,1,1,349831
54,7,1,1,241946
55,7,1,1,222955
56,7,1,1,387134
57,7,1,1,277577
58,7,1,1,284969
59,7,1,1,196231
60,7,1,1,344163
61,7,1,1,261955
62,7,1,1,243879
63,8,1,2,185338
64,8,1,2,285048
65,8,1,2,137273
66,8,1,2,169900
67,8,1,2,251977
68,8,1,2,129227
69,8,1,2,253178
70,8,1,2,134948
71,8,1,2,219663
72,8,1,2,169508
73,8,1,2,205662
74,8,1,2,126511
75,8,1,2,366837
76,8,1,2,271856
77,9,1,3,221701
78,9,1,3,436453
79,9,1,3,374543
80,9,1,3,322925
81,9,1,3,288208
82,9,1,3,308035
83,9,1,3,369345
84,9,1,3,350197
85,10,1,1,222380
86,10,1,1,277890
87,10,1,1,279457
88,10,1,1,249391
89,10,1,1,294034
90,10,1,1,263262
91,10,1,1,343457
92,10,1,1,334942
93,10,1,1,206053
94,10,1,1,206628
95,10,1,1,329534
96,10,1,1,303595
97,10,1,1,299598
98,10,1,1,317492
99,11,1,4,255529
100,11,1,4,291291
101,11,1,4,279484
102,11,1,4,255869
103,11,1,4,233691
104,11,1,4,276688
105,11,1,4,237714
106,11,1,4,233195
107,11,1,4,273763
108,11,1,4,278125
109,11,1,4,299102
110,11,1,4,309786
111,12,1,5,147591
112,12,1,5,106396
113,12,1,5,116088
114,12,1,5,161123
115,12,1,5,137639
116,12,1,5,140199
117,12,1,5,141923
118,12,1,5,163265
119,12,1,5,143595
120,12,1,5,143830
121,12,1,5,106266
122,12,1,5,107807
123,13,1,2,261851
124,13,1,2,456071
125,13,1,2,248084
126,13,1,2,294060
127,13,1,2,582086
128,13,1,2,318066
129,13,1,2,246151
130,13,1,2,274155
131,14,1,3,323683
132,14,1,3,246987
133,14,1,3,300747
134,14,1,3,235833
135,14,1,3,319373
136,14,1,3,273606
137,14,1,3,284081
138,14,1,3,247327
139,14,1,3,266266
140,14,1,3,282122
141,14,1,3,359157
142,14,1,3,555075
143,14,1,3,365662
144,15,1,3,194873
145,15,1,3,420022
146,15,1,3,276532
147,15,1,3,284368
148,15,1,3,271960
149,16,1,3,382066
150,16,1,3,264829
151,16,1,3,217573
152,16,1,3,368770
153,16,1,3,204930
154,16,1,3,644571
155,16,1,3,212062
156,17,1,3,494524
157,17,1,3,192496
158,17,1,3,286275
159,17,1,3,103157
160,17,1,3,285779
161,17,1,3,331676
162,17,1,3,234814
163,17,1,3,173087
164,17,1,3,149655
165,17,1,3,350458
166,18,1,4,47333
167,18,1,4,204251
168,18,1,4,4884
169,18,1,4,317936
170,18,1,4,6373
171,18,1,4,223216
172,18,1,4,11650
173,18,1,4,173008
174,18,1,4,95738
175,18,1,4,300721
176,18,1,4,392254
177,18,1,4,350171
178,18,1,4,6635
179,18,1,4,239020
180,18,1,4,166426
181,18,1,4,371539
182,18,1,4,281234
183,19,1,3,283167
184,19,1,3,246177
185,19,1,3,285257
186,19,1,3,269557
187,19,1,3,494393
188,19,1,3,265351
189,19,1,3,402390
190,19,1,3,359131
191,19,1,3,341655
192,19,1,3,509413
193,19,1,3,237531
194,20,1,6,140434
195,20,1,6,175386
196,20,1,6,433397
197,20,1,6,237662
198,20,1,6,235311
199,20,1,6,204721
200,20,1,6,136803
201,20,1,6,166060
202,20,1,6,182491
203,20,1,6,135053
204,20,1,6,589531
205,21,1,7,177397
206,21,1,7,99369
207,21,1,7,148793
208,21,1,7,482429
209,21,1,7,221936
210,21,1,7,84088
211,21,1,7,133172
212,21,1,7,156264
213,21,1,7,144326
214,21,1,7,181812
215,21,1,7,190589
216,21,1,7,223111
217,21,1,7,294765
218,21,1,7,299337
219,21,1,7,141270
220,21,1,7,251742
221,21,1,7,307252
222,21,1,7,281730
223,22,1,7,436636
224,22,1,7,195004
225,22,1,7,328071
226,23,1,7,163056
227,23,1,7,167235
228,23,1,7,369763
229,23,1,7,162429
230,23,1,7,283402
231,23,1,7,189675
232,23,1,7,172120
233,23,1,7,167288
234,23,1,7,186801
235,23,1,7,234501
236,23,1,7,132493
237,23,1,7,182256
238,23,1,7,175386
239,23,1,7,214099
240,23,1,7,260257
241,23,1,7,317570
242,23,1,7,169717
243,23,1,7,139154
244,23,1,7,153208
245,23,1,7,383059
246,24,1,7,33149
247,24,1,7,200933
248,24,1,7,152555
249,24,1,7,151823
250,24,1,7,249600
251,24,1,7,240091
252,24,1,7,227317
253,24,1,7,284264
254,24,1,7,99108
255,24,1,7,232672
256,24,1,7,240091
257,24,1,7,194560
258,24,1,7,126615
259,24,1,7,152659
260,24,1,7,132231
261,24,1,7,88764
262,24,1,7,71627
263,24,1,7,208222
264,24,1,7,175333
265,24,1,7,272431
266,24,1,7,273084
267,24,1,7,210155
268,24,1,7,221492
269,25,1,7,307095
270,25,1,7,243644
271,25,1,7,286720
272,25,1,7,216346
273,25,1,7,183640
274,25,1,7,271856
275,25,1,7,251559
276,25,1,7,88868
277,25,1,7,215405
278,25,1,7,248372
279,25,1,7,105586
280,25,1,7,193253
281,25,1,7,404323
282,26,1,8,249808
283,26,1,8,230922
284,26,1,8,254615
285,26,1,8,194220
286,26,1,8,222145
287,26,1,8,304352
288,26,1,8,236382
289,26,1,8,232280
290,26,1,8,248842
291,26,1,8,207542
292,26,1,8,221544
293,26,1,8,256026
294,26,1,8,173008
295,26,1,8,257619
296,26,1,8,195239
297,26,1,8,225332
298,26,1,8,231392
299,27,1,8,298396
300,27,1,8,206942
301,27,1,8,285231
302,27,1,8,282174
303,27,1,8,244950
304,27,1,8,225488
305,27,1,8,192391
306,27,1,8,240300
307,27,1,8,178155
308,27,1,8,289750
309,27,1,8,239725
310,27,1,8,267363
311,27,1,8,273031
312,27,1,8,211147
313,28,1,7,311353
314,28,1,7,244532
315,28,1,7,253492
316,28,1,7,244715
317,28,1,7,254040
318,28,1,7,264202
319,28,1,7,230452
320,28,1,7,275748
321,28,1,7,266605
322,28,1,7,214595
323,29,1,9,205479
324,29,1,9,198661
325,29,1,9,194194
326,29,1,9,188630
327,29,1,9,230791
328,29,1,9,206733
329,29,1,9,210155
330,29,1,9,190093
331,29,1,9,214256
332,29,1,9,210599
333,29,1,9,196519
334,29,1,9,206654
335,29,1,9,203493
336,29,1,9,166687
337,30,1,1,315951
338,30,1,1,263836
339,30,1,1,192653
340,30,1,1,401920
341,30,1,1,183327
342,30,1,1,260675
343,30,1,1,161149
344,30,1,1,312032
345,30,1,1,373394
346,30,1,1,127869
347,30,1,1,185260
348,30,1,1,380551
349,30,1,1,619467
350,30,1,1,711836
351,31,1,1,234553
352,31,1,1,359680
353,31,1,1,171284
354,31,1,1,183902
355,31,1,1,272561
356,31,1,1,144483
357,31,1,1,677694
358,31,1,1,88894
359,31,1,1,332878
360,32,1,10,276349
361,32,1,10,273920
362,32,1,10,282723
363,32,1,10,284969
364,32,1,10,284342
365,32,1,10,282488
366,32,1,10,283454
367,32,1,10,274808
368,32,1,10,287921
369,32,1,10,284160
370,32,1,10,248293
371,32,1,10,284708
372,32,1,10,281626
373,32,1,10,296254
374,33,1,7,247614
375,33,1,7,248398
376,33,1,7,225097
377,33,1,7,263183
378,33,1,7,271647
379,33,1,7,146677
380,33,1,7,282200
381,33,1,7,179408
382,33,1,7,262713
383,33,1,7,195813
384,33,1,7,184320
385,33,1,7,176326
386,33,1,7,237087
387,33,1,7,245524
388,33,1,7,180636
389,33,1,7,141008
390,33,1,7,213655
391,34,1,7,279536
392,34,1,7,213237
393,34,1,7,313704
394,34,1,7,170292
395,34,1,7,157988
396,34,1,7,238106
397,34,1,7,279484
398,34,1,7,371356
399,34,1,7,271960
400,34,1,7,165982
401,34,1,7,280137
402,34,1,7,237714
403,34,1,7,270158
404,34,1,7,213890
405,34,1,7,162716
406,34,1,7,205557
407,34,1,7,389642
408,35,1,3,155428
409,35,1,3,213995
410,35,1,3,380342
411,35,1,3,366524
412,35,1,3,149315
413,35,1,3,472764
414,35,1,3,671712
415,35,1,3,397531
416,35,1,3,305005
417,35,1,3,545750
418,35,1,3,287973
419,36,1,1,262608
420,36,1,1,236617
421,36,1,1,343745
422,36,1,1,241684
423,36,1,1,259108
424,36,1,1,387761
425,36,1,1,249417
426,36,1,1,249234
427,36,1,1,297691
428,36,1,1,273057
429,36,1,1,294974
430,36,1,1,248032
431,36,1,1,238994
432,36,1,1,220316
433,36,1,1,248920
434,36,1,1,263784
435,36,1,1,242599
436,37,1,1,218880
437,37,1,1,314148
438,37,1,1,216032
439,37,1,1,242468
440,37,1,1,196257
441,37,1,1,185077
442,37,1,1,216215
443,37,1,1,227291
444,37,1,1,214987
445,37,1,1,248346
446,37,1,1,271360
447,37,1,1,219742
448,37,1,1,255791
449,37,1,1,225332
450,37,1,1,166974
451,37,1,1,192496
452,37,1,1,173609
453,37,1,1,262243
454,37,1,1,207333
455,37,1,1,320444
456,38,1,2,273737
457,38,1,2,315219
458,38,1,2,295627
459,38,1,2,266866
460,38,1,2,273580
461,38,1,2,287634
462,38,1,2,296124
463,38,1,2,310778
464,38,1,2,316865
465,38,1,2,298135
466,38,1,2,288757
467,38,1,2,274259
468,39,1,4,167262
469,39,1,4,158354
470,39,1,4,234083
471,39,1,4,224208
472,39,1,4,181629
473,39,1,4,178364
474,39,1,4,134164
475,39,1,4,170997
476,39,1,4,135888
477,39,1,4,193149
478,39,1,4,90331
479,39,1,4,151170
480,39,1,4,135523
481,39,1,4,171546
482,39,1,4,153600
483,39,1,4,198164
484,39,1,4,170187
485,39,1,4,168803
486,39,1,4,221910
487,39,1,4,192757
488,39,1,4,213420
489,40,1,1,76303
490,40,1,1,439510
491,40,1,1,252551
492,40,1,1,347036
493,40,1,1,344999
494,40,1,1,291892
495,40,1,1,293015
496,40,1,1,391549
497,40,1,1,298631
498,40,1,1,359497
499,40,1,1,283585
500,40,1,1,239699
501,41,1,7,202213
502,41,1,7,219768
503,41,1,7,196545
504,41,1,7,259291
505,41,1,7,169717
506,41,1,7,255921
507,41,1,7,249678
508,41,1,7,155637
509,41,1,7,227448
510,41,1,7,222406
511,41,1,7,207229
512,41,1,7,181577
513,41,1,7,180950
514,41,1,7,207072
515,23,1,7,222093
516,23,1,7,242938
517,23,1,7,195944
518,23,1,7,259761
519,23,1,7,421982
520,23,1,7,374700
521,23,1,7,147670
522,23,1,7,193410
523,23,1,7,185051
524,23,1,7,299676
525,23,1,7,184398
526,23,1,7,354011
527,23,1,7,401319
528,23,1,7,169221
529,42,1,4,241057
530,42,1,4,287817
531,42,1,4,146938
532,42,1,4,177188
533,42,1,4,518556
534,42,1,4,125152
535,42,1,4,284813
536,42,1,4,195186
537,42,1,4,187794
538,42,1,4,170422
539,42,1,4,189257
540,42,1,4,222955
541,42,1,4,221831
542,42,1,4,382981
543,43,1,1,453955
544,43,1,1,277133
545,43,1,1,339173
546,43,1,1,233586
547,43,1,1,758648
548,43,1,1,618031
549,43,1,1,804101
550,44,1,1,253962
551,44,1,1,337084
552,44,1,1,666017
553,44,1,1,242494
554,44,1,1,336692
555,44,1,1,508604
556,45,1,7,339173
557,45,1,7,327000
558,45,1,7,344320
559,45,1,7,261720
560,45,1,7,338834
561,45,1,7,305920
562,45,1,7,298318
563,45,1,7,330945
564,45,1,7,307252
565,45,1,7,319608
566,45,1,7,351320
567,45,1,7,269165
568,45,1,7,334942
569,45,1,7,259657
570,46,1,1,353488
571,46,1,1,347820
572,46,1,1,285178
573,46,1,1,282827
574,46,1,1,298161
575,46,1,1,354899
576,46,1,1,262635
577,46,1,1,329064
578,46,1,1,276114
579,46,1,1,292832
580,46,1,1,291160
581,46,1,1,378618
582,46,1,1,747755
583,47,1,7,247431
584,47,1,7,230269
585,47,1,7,286302
586,47,1,7,202501
587,47,1,7,244009
588,47,1,7,226194
589,47,1,7,181603
590,47,1,7,238445
591,47,1,7,198008
592,47,1,7,280685
593,47,1,7,295235
594,47,1,7,323213
595,47,1,7,217782
596,47,1,7,238027
597,48,1,2,197459
598,48,1,2,193410
599,48,1,2,345025
600,48,1,2,231784
601,48,1,2,807392
602,48,1,2,357459
603,48,1,2,476003
604,48,1,2,277968
605,48,1,2,168777
606,48,1,2,200437
607,48,1,2,564009
608,48,1,2,233769
609,48,1,2,544078
610,49,1,2,907520
611,49,1,2,330684
612,49,1,2,473495
613,49,1,2,487392
614,49,1,2,843964
615,49,1,2,196101
616,49,1,2,316682
617,49,1,2,243461
618,49,1,2,220734
619,49,1,2,378775
620,50,1,1,1196094
621,50,1,1,913658
622,50,1,1,854700
623,50,1,1,763924
624,51,1,2,185965
625,51,1,2,348212
626,51,1,2,191555
627,51,1,2,187637
628,51,1,2,182726
629,51,1,2,179800
630,51,1,2,204199
631,51,1,2,201430
632,51,1,2,193149
633,51,1,2,179565
634,51,1,2,189596
635,51,1,2,194089
636,51,1,2,176222
637,51,1,2,163030
638,51,1,2,289306
639,51,1,2,282331
640,51,1,2,217025
641,51,1,2,280163
642,51,1,2,198556
643,51,1,2,199627
644,51,1,2,201560
645,51,1,2,191268
646,52,1,11,409965
647,52,1,11,392437
648,52,1,11,168437
649,52,1,11,170631
650,52,1,11,204956
651,52,1,11,219898
652,52,1,11,137482
653,52,1,11,226168
654,52,1,11,244297
655,52,1,11,162142
656,52,1,11,190667
657,52,1,11,179826
658,52,1,11,211748
659,52,1,11,212636
660,52,1,11,162560
661,53,1,7,230948
662,53,1,7,163970
663,53,1,7,274834
664,53,1,7,172643
665,53,1,7,259944
666,53,1,7,258194
667,53,1,7,243356
668,53,1,7,206994
669,53,1,7,238341
670,53,1,7,244793
671,53,1,7,116767
672,53,1,7,130063
673,53,1,7,174367
674,53,1,7,143464
675,54,1,1,275565
676,54,1,1,272091
677,54,1,1,189022
678,54,1,1,140146
679,54,1,1,191451
680,54,1,1,154279
681,54,1,1,162899
682,54,1,1,164858
683,54,1,1,140329
684,54,1,1,129358
685,54,1,1,149394
686,54,1,1,162429
687,54,1,1,186044
688,54,1,1,152946
689,54,1,1,213237
690,54,1,1,664894
691,54,1,1,160052
692,54,1,1,162847
693,54,1,1,175490
694,54,1,1,239360
695,55,1,1,281286
696,55,1,1,244114
697,55,1,1,316630
698,55,1,1,163604
699,55,1,1,218880
700,55,1,1,296385
701,55,1,1,190119
702,55,1,1,178181
703,55,1,1,176718
704,55,1,1,131918
705,55,1,1,253596
706,55,1,1,207804
707,55,1,1,140460
708,55,1,1,385619
709,55,1,1,228466
710,55,1,1,237374
711,55,1,1,163239
712,55,1,1,342804
713,55,1,1,209789
714,55,1,1,132832
715,56,1,7,212506
716,56,1,7,243696
717,56,1,7,251768
718,56,1,7,228153
719,56,1,7,204538
720,56,1,7,200437
721,56,1,7,206733
722,56,1,7,247771
723,56,1,7,270262
724,56,1,7,194899
725,56,1,7,192626
726,56,1,7,212453
727,56,1,7,151849
728,56,1,7,298919
729,56,1,7,278622
730,57,1,7,247588
731,57,1,7,252133
732,57,1,7,316865
733,57,1,7,227500
734,57,1,7,227160
735,57,1,7,174654
736,57,1,7,193828
737,57,1,7,196075
738,57,1,7,274390
739,57,1,7,189466
740,57,1,7,258586
741,57,1,7,257123
742,57,1,7,211853
743,57,1,7,268173
744,57,1,7,188473
745,58,1,1,235781
746,58,1,1,168202
747,58,1,1,218044
748,58,1,1,230922
749,58,1,1,263836
750,58,1,1,242834
751,58,1,1,188160
752,58,1,1,370102
753,58,1,1,319111
754,59,1,1,264385
755,59,1,1,256261
756,59,1,1,620460
757,59,1,1,478302
758,59,1,1,210259
759,59,1,1,274886
760,59,1,1,431203
761,60,1,1,204721
762,60,1,1,414902
763,60,1,1,247092
764,60,1,1,284682
765,60,1,1,322063
766,60,1,1,500427
767,60,1,1,385880
768,61,1,1,424829
769,61,1,1,307905
770,61,1,1,602880
771,61,1,1,243017
772,61,1,1,368770
773,61,1,1,321149
774,61,1,1,295053
775,61,1,1,293851
776,61,1,1,213054
777,61,1,1,464378
778,61,1,1,341185
779,62,1,1,368770
780,62,1,1,290455
781,62,1,1,303777
782,62,1,1,239830
783,62,1,1,340871
784,62,1,1,442096
785,62,1,1,272796
786,63,1,1,257384
787,63,1,1,359680
788,63,1,1,287791
789,63,1,1,451840
790,63,1,1,283689
791,63,1,1,320992
792,63,1,1,312372
793,63,1,1,311693
794,63,1,1,276323
795,63,1,1,354089
796,63,1,1,249443
797,63,1,1,283924
798,64,1,1,328385
799,64,1,1,342752
800,64,1,1,283977
801,64,1,1,314827
802,64,1,1,317126
803,64,1,1,227186
804,64,1,1,349335
805,64,1,1,257724
806,64,1,1,393691
807,65,1,1,246413
808,65,1,1,263862
809,65,1,1,270236
810,65,1,1,306860
811,65,1,1,201482
812,65,1,1,203755
813,65,1,1,267833
814,65,1,1,242886
815,65,1,1,193750
816,66,1,1,356963
817,66,1,1,240274
818,66,1,1,392437
819,66,1,1,247823
820,66,1,1,351033
821,66,1,1,334445
822,66,1,1,257462
823,66,1,1,276662
824,66,1,1,282226
825,66,1,1,278804
826,67,1,1,292519
827,67,1,1,248633
828,67,1,1,346853
829,67,1,1,296019
830,67,1,1,259787
831,67,1,1,244741
832,67,1,1,214021
833,67,1,1,247248
834,67,1,1,257280
835,67,1,1,220604
836,67,1,1,255660
837,67,1,1,322455
838,67,1,1,319320
839,67,1,1,248424
840,67,1,1,355056
841,67,1,1,272457
842,68,1,2,321358
843,68,1,2,423653
844,68,1,2,319373
845,68,1,2,368875
846,68,1,2,368953
847,68,1,2,272039
848,68,1,2,659226
849,68,1,2,346932
850,68,1,2,360411
851,69,1,7,270080
852,69,1,7,255608
853,69,1,7,304692
854,69,1,7,338755
855,69,1,7,211565
856,69,1,7,267728
857,69,1,7,213237
858,69,1,7,280999
859,69,1,7,286432
860,69,1,7,311614
861,69,1,7,274181
862,69,1,7,284081
863,69,1,7,327784
864,70,1,7,330997
865,70,1,7,337423
866,70,1,7,217338
867,70,1,7,270968
868,70,1,7,295314
869,70,1,7,236355
870,70,1,7,211617
871,70,1,7,253962
872,70,1,7,277524
873,70,1,7,347297
874,70,1,7,268173
875,70,1,7,284133
876,70,1,7,327105
877,71,1,7,223059
878,71,1,7,186226
879,71,1,7,166608
880,71,1,7,263026
881,71,1,7,170788
882,71,1,7,242834
883,71,1,7,241397
884,71,1,7,214831
885,71,1,7,180793
886,71,1,7,278125
887,71,1,7,247379
888,71,1,7,157387
889,71,1,7,232803
890,71,1,7,290664
891,72,1,6,430733
892,72,1,6,163552
893,72,1,6,174576
894,72,1,6,252891
895,72,1,6,253335
896,72,1,6,167810
897,72,1,6,301583
898,72,1,6,304744
899,72,1,6,215928
900,72,1,6,263862
901,72,1,6,191320
902,72,1,6,208143
903,72,1,6,231732
904,72,1,6,264411
905,72,1,6,221387
906,72,1,6,297064
907,72,1,6,180401
908,72,1,6,249730
909,73,1,6,193515
910,73,1,6,224339
911,73,1,6,196466
912,73,1,6,274729
913,73,1,6,328724
914,73,1,6,231836
915,73,1,6,285387
916,73,1,6,378984
917,73,1,6,226429
918,73,1,6,222406
919,73,1,6,203363
920,73,1,6,216528
921,73,1,6,472920
922,73,1,6,251768
923,74,1,4,204303
924,74,1,4,270106
925,74,1,4,251663
926,74,1,4,128757
927,74,1,4,326217
928,74,1,4,228493
929,74,1,4,217391
930,74,1,4,209867
931,74,1,4,140852
932,74,1,4,257253
933,74,1,4,119040
934,74,1,4,232698
935,75,1,4,223921
936,75,1,4,267937
937,75,1,4,263235
938,75,1,4,223242
939,75,1,4,310831
940,75,1,4,273658
941,75,1,4,241371
942,75,1,4,270680
943,75,1,4,222432
944,75,1,4,297168
945,75,1,4,279144
946,75,1,4,398341
947,75,1,4,251924
948,75,1,4,185835
949,76,1,1,137482
950,76,1,1,269400
951,76,1,1,293590
952,76,1,1,209319
953,76,1,1,203807
954,76,1,1,222902
955,76,1,1,242102
956,76,1,1,186435
957,76,1,1,185129
958,76,1,1,298997
959,76,1,1,395859
960,76,1,1,158275
961,76,1,1,267833
962,76,1,1,336666
963,76,1,1,181995
964,77,1,4,202527
965,77,1,4,294008
966,77,1,4,316055
967,77,1,4,147226
968,77,1,4,360881
969,77,1,4,493635
970,77,1,4,231993
971,77,1,4,223764
972,77,1,4,340532
973,77,1,4,464770
974,77,1,4,250357
975,78,1,7,33619
976,78,1,7,237165
977,78,1,7,269557
978,78,1,7,222066
979,78,1,7,222197
980,78,1,7,169273
981,78,1,7,143673
982,78,1,7,355030
983,78,1,7,116767
984,78,1,7,231915
985,78,1,7,213760
986,78,1,7,271072
987,78,1,7,181838
988,78,1,7,174524
989,79,1,1,230191
990,79,1,1,196675
991,79,1,1,255712
992,79,1,1,252186
993,79,1,1,117080
994,79,1,1,199523
995,79,1,1,278700
996,79,1,1,288731
997,79,1,1,238419
998,79,1,1,352078
999,80,1,1,313182
1000,80,1,1,302994
1001,80,1,1,209684
1002,80,1,1,265848
1003,80,1,1,193280
1004,80,1,1,316264
1005,80,1,1,271908
1006,80,1,1,229198
1007,80,1,1,200724
1008,80,1,1,293276
1009,81,1,4,263653
1010,81,1,4,268120
1011,81,1,4,298057
1012,81,1,4,266370
1013,81,1,4,273528
1014,81,1,4,311353
1015,81,1,4,306442
1016,81,1,4,277185
1017,81,1,4,270550
1018,81,1,4,298396
1019,81,1,4,469968
1020,82,1,1,83487
1021,82,1,1,231523
1022,82,1,1,248528
1023,82,1,1,213446
1024,82,1,1,152163
1025,82,1,1,135732
1026,82,1,1,260101
1027,82,1,1,146782
1028,82,1,1,157387
1029,82,1,1,289306
1030,82,1,1,250749
1031,82,1,1,303856
1032,82,1,1,342230
1033,83,1,12,275879
1034,83,1,12,155794
1035,83,1,12,206001
1036,83,1,12,194429
1037,83,1,12,158615
1038,83,1,12,198922
1039,83,1,12,149995
1040,83,1,12,174994
1041,83,1,12,171154
1042,83,1,12,89730
1043,83,1,12,161227
1044,83,1,12,188499
1045,83,1,12,149263
1046,83,1,12,210808
1047,83,1,12,173583
1048,83,1,12,266605
1049,83,1,12,190458
1050,83,1,12,187010
1051,83,1,12,193750
1052,83,1,12,184111
1053,83,1,12,169900
1054,83,1,12,292075
1055,83,1,12,203964
1056,83,1,12,193175
1057,84,1,7,179252
1058,84,1,7,229537
1059,84,1,7,237191
1060,84,1,7,236617
1061,84,1,7,321332
1062,84,1,7,301113
1063,84,1,7,244453
1064,84,1,7,221727
1065,84,1,7,322821
1066,84,1,7,324597
1067,84,1,7,248528
1068,84,1,7,213498
1069,84,1,7,526132
1070,84,1,7,191634
1071,84,1,7,74919
1072,84,1,7,292493
1073,85,1,10,219454
1074,85,1,10,247928
1075,85,1,10,261041
1076,85,1,10,222275
1077,85,1,10,200437
1078,85,1,10,217051
1079,85,1,10,204695
1080,85,1,10,199653
1081,85,1,10,191660
1082,85,1,10,271020
1083,85,1,10,148636
1084,85,1,10,209136
1085,85,1,10,260963
1086,85,1,10,32287
1087,86,1,7,154096
1088,86,1,7,238315
1089,86,1,7,295262
1090,86,1,7,282409
1091,86,1,7,236695
1092,86,1,7,248842
1093,86,1,7,357485
1094,86,1,7,285309
1095,86,1,7,263471
1096,86,1,7,231627
1097,86,1,7,259526
1098,86,1,7,289671
1099,86,1,7,316969
1100,86,1,7,222458
1101,86,1,7,234971
1102,87,1,2,356101
1103,87,1,2,294530
1104,87,1,2,265273
1105,73,1,7,324780
1106,73,1,7,261616
1107,73,1,7,218305
1108,73,1,7,264489
1109,73,1,7,317779
1110,73,1,7,301453
1111,73,1,7,293093
1112,73,1,7,295444
1113,73,1,7,225697
1114,73,1,7,284943
1115,73,1,7,302733
1116,73,1,7,284760
1117,73,1,7,263993
1118,73,1,7,270550
1119,73,1,7,278177
1120,73,1,7,218070
1121,88,1,3,259213
1122,88,1,3,216006
1123,88,1,3,260022
1124,88,1,3,248607
1125,88,1,3,246125
1126,88,1,3,260884
1127,88,1,3,247170
1128,88,1,3,252760
1129,88,1,3,251454
1130,88,1,3,239516
1131,88,1,3,89547
1132,88,1,3,274834
1133,89,1,4,174419
1134,89,1,4,548336
1135,89,1,4,232724
1136,89,1,4,260858
1137,89,1,4,163004
1138,89,1,4,175307
1139,89,1,4,205871
1140,89,1,4,120528
1141,89,1,4,214021
1142,89,1,4,246151
1143,89,1,4,285753
1144,89,1,4,558602
1145,89,1,4,252316
1146,90,2,1,273552
1147,90,2,1,202824
1148,90,2,1,268537
1149,90,2,1,263893
1150,90,2,1,228924
1151,90,2,1,406347
1152,90,2,1,219961
1153,90,2,1,231640
1154,90,2,1,356424
1155,90,2,1,197135
1156,90,2,1,206400
1157,90,2,1,375349
1158,91,2,1,182321
1159,91,2,1,298374
1160,91,2,1,184016
1161,91,2,1,284744
1162,91,2,1,143637
1163,91,2,1,156268
1164,91,2,1,328282
1165,91,2,1,303436
1166,91,2,1,203637
1167,91,2,1,537540
1168,91,2,1,322175
1169,91,2,1,161539
1170,91,2,1,318901
1171,91,2,1,268351
1172,91,2,1,257600
1173,91,2,1,616511
1174,92,1,3,461165
1175,92,1,3,261355
1176,92,1,3,196205
1177,92,1,3,336457
1178,92,1,3,341054
1179,92,1,3,203206
1180,92,1,3,424960
1181,92,1,3,287477
1182,92,1,3,522396
1183,92,1,3,246491
1184,92,1,3,563800
1185,92,1,3,343875
1186,92,1,3,284238
1187,92,1,3,84532
1188,93,1,2,361012
1189,93,1,2,251585
1190,93,1,2,321123
1191,93,1,2,396460
1192,93,1,2,242390
1193,93,1,2,330997
1194,93,1,2,249756
1195,93,1,2,259970
1196,93,1,2,379167
1197,93,1,2,355395
1198,93,1,2,367647
1199,93,1,2,528666
1200,93,1,2,377155
1201,94,2,1,258692
1202,94,2,1,412152
1203,94,2,1,526255
1204,94,2,1,307593
1205,94,2,1,467810
1206,94,2,1,336896
1207,94,2,1,442106
1208,94,2,1,564893
1209,94,2,1,444614
1210,94,2,1,562966
1211,94,2,1,431262
1212,95,1,3,294635
1213,95,1,3,235311
1214,95,1,3,255634
1215,95,1,3,265874
1216,95,1,3,352731
1217,95,1,3,289358
1218,95,1,3,293250
1219,95,1,3,228937
1220,95,1,3,237557
1221,95,1,3,337423
1222,95,1,3,324623
1223,95,1,3,471849
1224,96,1,3,196911
1225,96,1,3,259866
1226,96,1,3,282488
1227,96,1,3,347846
1228,96,1,3,249469
1229,96,1,3,325929
1230,96,1,3,407980
1231,96,1,3,317727
1232,96,1,3,448574
1233,96,1,3,269871
1234,96,1,3,431333
1235,97,1,1,275539
1236,97,1,1,410070
1237,97,1,1,378984
1238,97,1,1,434442
1239,97,1,1,282488
1240,97,1,1,561162
1241,97,1,1,240718
1242,97,1,1,546115
1243,97,1,1,385541
1244,97,1,1,506801
1245,98,1,13,232777
1246,98,1,13,228623
1247,98,1,13,441782
1248,98,1,13,350484
1249,98,1,13,516649
1250,98,1,13,312032
1251,98,1,13,304509
1252,98,1,13,508107
1253,98,1,13,391105
1254,98,1,13,370468
1255,98,1,13,427023
1256,99,1,1,204512
1257,99,1,1,218357
1258,99,1,1,416496
1259,99,1,1,335307
1260,99,1,1,280607
1261,99,1,1,350981
1262,99,1,1,294112
1263,99,1,1,217443
1264,99,1,1,234605
1265,99,1,1,188786
1266,99,1,1,339748
1267,99,1,1,436976
1268,100,1,6,236173
1269,100,1,6,196284
1270,100,1,6,328620
1271,100,1,6,197276
1272,100,1,6,428016
1273,100,1,6,259343
1274,100,1,6,332460
1275,100,1,6,252708
1276,100,1,6,216058
1277,101,1,13,105926
1278,101,1,13,174471
1279,101,1,13,258377
1280,101,1,13,203049
1281,101,1,13,187141
1282,101,1,13,232515
1283,101,1,13,300956
1284,101,1,13,372349
1285,101,1,13,200150
1286,101,1,13,288757
1287,102,1,13,48013
1288,102,1,13,276375
1289,102,1,3,366550
1290,102,1,3,268878
1291,102,1,3,371826
1292,102,1,3,229982
1293,102,1,3,789472
1294,102,1,3,454974
1295,102,1,3,275121
1296,102,1,3,451422
1297,102,1,3,261955
1298,102,1,3,231627
1299,102,1,3,204617
1300,102,1,13,183666
1301,102,1,13,379872
1302,102,1,13,278177
1303,102,1,13,314174
1304,102,1,13,441155
1305,103,1,1,233142
1306,103,1,1,294008
1307,103,1,1,174106
1308,103,1,1,284447
1309,103,1,1,213106
1310,103,1,1,336953
1311,103,1,1,247640
1312,103,1,1,478145
1313,103,1,1,412525
1314,103,1,1,431542
1315,104,1,1,376711
1316,104,1,1,262426
1317,104,1,1,440555
1318,104,1,1,235859
1319,104,1,1,338233
1320,104,1,1,494602
1321,104,1,1,447791
1322,104,1,1,232672
1323,104,1,1,318511
1324,104,1,1,474017
1325,105,1,3,255582
1326,105,1,3,229459
1327,105,1,3,263941
1328,105,1,3,254197
1329,105,1,3,250853
1330,105,1,3,258768
1331,105,1,3,275408
1332,105,1,3,247510
1333,105,1,3,284238
1334,105,1,3,332617
1335,106,1,3,369554
1336,106,1,3,408607
1337,106,1,3,230269
1338,106,1,3,325694
1339,106,1,3,251454
1340,106,1,3,294347
1341,106,1,3,221309
1342,106,1,3,206367
1343,106,1,3,445283
1344,107,1,3,269531
1345,107,1,3,359810
1346,107,1,3,252891
1347,107,1,3,242729
1348,107,1,3,366471
1349,107,1,3,320548
1350,107,1,3,407823
1351,107,1,3,816509
1352,108,1,3,115931
1353,108,1,3,281782
1354,108,1,3,408607
1355,108,1,3,366785
1356,108,1,3,185808
1357,108,1,3,386821
1358,108,1,3,435513
1359,108,1,3,649116
1360,108,1,3,282697
1361,108,1,3,273528
1362,109,1,1,578324
1363,109,1,1,559203
1364,109,1,3,280737
1365,109,1,1,460695
1366,109,1,1,351869
1367,109,1,1,300434
1368,109,1,1,443977
1369,109,1,1,317335
1370,109,1,1,292179
1371,110,1,3,340767
1372,110,1,3,369005
1373,110,1,3,211043
1374,110,1,3,273998
1375,110,1,3,593580
1376,110,1,3,305475
1377,110,1,3,267023
1378,110,1,3,280894
1379,111,1,3,445779
1380,111,1,3,307565
1381,111,1,3,341995
1382,111,1,3,441417
1383,111,1,3,344502
1384,111,1,3,515631
1385,111,1,3,296176
1386,111,1,3,391314
1387,112,1,3,395572
1388,112,1,3,274364
1389,112,1,3,228440
1390,112,1,3,428669
1391,112,1,3,203180
1392,112,1,3,228884
1393,112,1,1,293407
1394,112,1,3,361299
1395,113,1,1,678008
1396,113,1,1,303699
1397,113,1,1,253413
1398,113,1,1,443977
1399,113,1,1,310230
1400,113,1,1,380786
1401,113,1,1,312476
1402,113,1,1,357799
1403,113,1,1,399333
1404,113,1,1,337658
1405,113,1,1,490422
1406,114,1,1,175777
1407,114,1,1,592744
1408,114,1,1,290377
1409,114,1,1,539689
1410,114,1,1,377312
1411,114,1,1,404767
1412,114,1,1,483657
1413,114,1,1,330292
1414,115,1,14,165067
1415,115,1,14,166739
1416,115,1,14,212401
1417,115,1,14,143725
1418,115,1,14,127399
1419,115,1,14,167392
1420,115,1,14,168228
1421,115,1,14,172408
1422,115,1,14,167392
1423,115,1,14,316551
1424,115,1,14,218226
1425,115,1,14,196231
1426,115,1,14,217730
1427,115,1,14,215902
1428,115,1,14,250723
1429,115,1,14,239072
1430,115,1,14,282880
1431,115,1,14,334236
1432,115,1,14,188212
1433,115,1,14,260728
1434,116,1,1,230635
1435,116,1,1,365818
1436,116,1,1,275879
1437,116,1,1,293093
1438,116,1,1,383033
1439,116,1,1,245263
1440,116,1,1,247222
1441,116,1,1,512339
1442,116,1,1,616829
1443,116,1,1,157100
1444,117,1,14,331964
1445,117,1,14,284447
1446,117,1,14,341629
1447,117,1,14,255477
1448,117,1,14,225227
1449,117,1,14,340218
1450,117,1,14,315872
1451,117,1,14,268852
1452,117,1,14,313626
1453,117,1,14,221544
1454,117,1,14,281808
1455,118,1,15,529684
1456,118,1,15,257097
1457,118,1,15,289854
1458,118,1,15,354560
1459,118,1,15,382197
1460,118,1,15,309995
1461,118,1,15,329534
1462,118,1,15,422321
1463,118,1,15,322455
1464,118,1,15,384130
1465,118,1,15,385697
1466,119,1,4,112352
1467,119,1,4,213890
1468,119,1,4,196702
1469,119,1,4,230974
1470,119,1,4,247719
1471,119,1,4,260623
1472,119,1,4,272117
1473,119,1,4,176274
1474,119,1,4,243278
1475,119,1,4,270497
1476,119,1,4,142889
1477,119,1,4,282174
1478,119,1,4,270341
1479,120,1,1,199340
1480,120,1,1,222302
1481,120,1,1,224130
1482,120,1,1,153077
1483,120,1,1,193123
1484,120,1,1,235311
1485,120,1,1,191216
1486,120,1,1,164989
1487,120,1,1,404453
1488,120,1,1,168150
1489,120,1,1,254537
1490,120,1,1,210259
1491,120,1,1,216293
1492,120,1,1,171572
1493,120,1,1,196388
1494,120,1,1,200463
1495,120,1,1,212453
1496,121,2,1,263707
1497,121,2,1,239721
1498,121,2,1,314768
1499,121,2,1,202035
1500,121,2,1,193560
1501,121,2,1,108435
1502,121,2,1,209071
1503,121,2,1,288227
1504,121,2,1,102630
1505,121,2,1,337570
1506,122,1,7,310073
1507,122,1,7,355239
1508,122,1,7,283062
1509,122,1,7,343484
1510,122,1,7,317100
1511,122,1,7,452519
1512,122,1,7,367281
1513,122,1,7,389276
1514,122,1,7,326321
1515,122,1,7,191477
1516,122,1,7,338076
1517,122,1,7,380081
1518,122,1,7,227526
1519,122,1,7,289750
1520,123,1,7,252238
1521,123,1,7,255477
1522,123,1,7,300878
1523,123,1,7,253231
1524,123,1,7,270027
1525,123,1,7,269897
1526,123,1,7,224078
1527,123,1,7,229093
1528,123,1,7,266919
1529,123,1,7,128078
1530,123,1,7,250462
1531,123,1,7,315977
1532,124,1,16,284107
1533,124,1,16,190484
1534,124,1,16,230582
1535,124,1,16,182308
1536,124,1,16,241084
1537,124,1,16,270628
1538,124,1,16,251768
1539,124,1,16,269008
1540,124,1,16,213263
1541,124,1,16,118804
1542,124,1,16,203415
1543,124,1,16,208457
1544,124,1,16,180924
1545,124,1,16,220891
1546,125,1,3,205792
1547,125,1,3,213289
1548,125,1,3,144195
1549,125,1,3,197328
1550,125,1,3,276427
1551,125,1,3,41900
1552,125,1,3,222197
1553,125,1,3,305162
1554,125,1,3,335542
1555,125,1,3,265952
1556,125,1,3,249939
1557,125,1,3,290664
1558,125,1,3,292179
1559,125,1,3,219350
1560,125,1,3,430942
1561,125,1,3,282253
1562,126,1,1,172068
1563,126,1,1,198060
1564,126,1,1,217652
1565,126,1,1,193619
1566,126,1,1,226377
1567,126,1,1,254354
1568,126,1,1,177815
1569,126,1,1,200594
1570,126,1,1,146494
1571,126,1,1,369815
1572,126,1,1,283898
1573,126,1,1,312450
1574,126,1,1,170187
1575,126,1,1,222354
1576,126,1,1,259631
1577,127,1,1,201247
1578,127,1,1,316081
1579,127,1,1,416365
1580,127,1,1,317622
1581,127,1,1,1116734
1582,127,1,1,529658
1583,127,1,1,234605
1584,127,1,1,343431
1585,127,1,1,825103
1586,127,1,1,398262
1587,128,1,1,157570
1588,128,1,1,182491
1589,128,1,1,258168
1590,128,1,1,270785
1591,128,1,1,215954
1592,128,1,1,307226
1593,128,1,1,258925
1594,128,1,1,330004
1595,129,1,1,330004
1596,129,1,1,459180
1597,129,1,1,290089
1598,129,1,1,197407
1599,129,1,1,223216
1600,129,1,1,262948
1601,129,1,1,420493
1602,129,1,1,271098
1603,130,1,1,410566
1604,130,1,1,254406
1605,130,1,1,372950
1606,130,1,1,197198
1607,130,1,1,634435
1608,130,1,1,356284
1609,130,1,1,329639
1610,131,1,1,296672
1611,131,1,1,220917
1612,131,1,1,351555
1613,131,1,1,481619
1614,131,1,1,278857
1615,131,1,1,284447
1616,131,1,1,215693
1617,131,1,1,427702
1618,132,1,1,166164
1619,132,1,1,401475
1620,132,1,1,388179
1621,132,1,1,386063
1622,132,1,1,274860
1623,132,1,1,132702
1624,132,1,1,150230
1625,132,1,1,282671
1626,132,1,1,508055
1627,133,1,1,334471
1628,133,1,1,287973
1629,133,1,1,379141
1630,133,1,1,287791
1631,133,1,1,253988
1632,133,1,1,159216
1633,133,1,1,275591
1634,133,1,1,260728
1635,133,1,1,259970
1636,134,1,1,144875
1637,134,1,1,233560
1638,134,1,1,209528
1639,134,1,1,444055
1640,134,1,1,246047
1641,134,1,1,296228
1642,134,1,1,189675
1643,134,1,1,337345
1644,134,1,1,259500
1645,134,1,1,219376
1646,135,1,1,526785
1647,135,1,1,126641
1648,135,1,1,316186
1649,135,1,1,393116
1650,135,1,1,217547
1651,135,1,1,249887
1652,135,1,1,233273
1653,135,1,1,273084
1654,135,1,1,283036
1655,136,1,1,625502
1656,136,1,1,384391
1657,136,1,1,179591
1658,136,1,1,376215
1659,136,1,1,252055
1660,136,1,1,284107
1661,136,1,1,566752
1662,137,1,1,242442
1663,137,1,1,230034
1664,137,1,1,353358
1665,137,1,1,505808
1666,137,1,1,1612329
1667,138,1,1,749897
1668,138,1,1,657293
1669,138,1,1,766354
1670,138,1,1,863895
1671,139,1,7,235728
1672,139,1,7,278256
1673,139,1,7,260231
1674,139,1,7,266161
1675,139,1,7,280084
1676,139,1,7,247614
1677,139,1,7,325955
1678,139,1,7,295053
1679,139,1,7,323918
1680,139,1,7,203337
1681,139,1,7,323056
1682,139,1,7,290298
1683,139,1,7,261668
1684,139,1,7,173897
1685,139,1,7,257253
1686,140,1,7,148401
1687,140,1,7,236826
1688,140,1,7,141453
1689,140,1,7,271229
1690,140,1,7,302158
1691,140,1,7,258168
1692,140,1,7,177606
1693,140,1,7,543007
1694,140,1,7,197146
1695,140,1,7,308401
1696,140,1,7,203781
1697,140,1,7,366445
1698,140,1,7,276558
1699,140,1,7,202213
1700,140,1,7,321724
1701,140,1,7,189231
1702,141,1,1,211591
1703,141,1,1,221962
1704,141,1,1,204199
1705,141,1,1,228989
1706,141,1,1,242703
1707,141,1,1,273815
1708,141,1,1,230321
1709,141,1,1,261773
1710,141,1,1,259683
1711,141,1,1,232515
1712,141,1,1,190354
1713,141,1,1,257123
1714,141,1,1,295131
1715,141,1,1,342648
1716,141,1,1,290899
1717,142,1,7,210755
1718,143,1,7,261433
1719,143,1,7,237400
1720,142,1,7,236382
1721,143,1,7,242808
1722,142,1,7,307591
1723,142,1,7,263549
1724,143,1,7,180636
1725,143,1,7,225854
1726,142,1,7,208065
1727,142,1,7,216241
1728,143,1,7,194063
1729,143,1,7,346070
1730,142,1,7,193854
1731,142,1,7,280920
1732,143,1,7,246073
1733,142,1,7,149080
1734,143,1,7,217547
1735,143,1,7,146703
1736,142,1,7,196101
1737,142,1,7,227813
1738,143,1,7,276035
1739,143,1,7,246804
1740,142,1,7,278047
1741,143,1,7,261041
1742,142,1,7,195996
1743,142,1,7,189492
1744,143,1,7,231993
1745,144,1,1,134739
1746,144,1,1,234605
1747,144,1,1,153417
1748,144,1,1,356493
1749,144,1,1,366053
1750,144,1,1,133093
1751,144,1,1,112875
1752,144,1,1,569704
1753,144,1,1,272796
1754,144,1,1,143595
1755,145,1,7,136254
1756,145,1,7,215875
1757,145,1,7,145606
1758,145,1,7,172800
1759,145,1,7,183066
1760,145,1,7,230008
1761,145,1,7,45191
1762,145,1,7,192339
1763,145,1,7,209005
1764,145,1,7,197276
1765,145,1,7,249808
1766,145,1,7,218801
1767,145,1,7,129410
1768,145,1,7,203520
1769,145,1,7,275591
1770,145,1,7,159190
1771,145,1,7,178207
1772,145,1,7,291866
1773,146,1,14,136986
1774,146,1,14,149054
1775,146,1,14,161410
1776,146,1,14,137221
1777,146,1,14,152424
1778,146,1,14,142027
1779,146,1,14,166295
1780,146,1,14,194821
1781,146,1,14,223451
1782,146,1,14,176404
1783,146,1,14,210886
1784,146,1,14,172486
1785,146,1,14,273057
1786,146,1,14,194821
1787,146,1,14,218540
1788,146,1,14,314514
1789,146,1,14,235833
1790,146,1,14,227892
1791,147,1,1,222171
1792,147,1,1,225410
1793,147,1,1,216320
1794,147,1,1,216476
1795,147,1,1,408163
1796,147,1,1,202396
1797,147,1,1,273371
1798,147,1,1,278465
1799,147,1,1,198008
1800,147,1,1,362004
1801,148,1,3,332251
1802,148,1,3,324754
1803,148,1,3,227892
1804,148,1,3,387082
1805,148,1,3,404323
1806,148,1,3,240483
1807,148,1,3,244375
1808,148,1,3,388832
1809,148,1,3,256835
1810,148,1,3,308610
1811,148,1,3,409547
1812,148,1,3,234240
1813,149,1,3,398315
1814,149,1,3,403435
1815,149,1,3,295418
1816,149,1,3,190406
1817,149,1,3,209972
1818,149,1,3,470256
1819,149,1,3,216685
1820,149,1,3,341551
1821,149,1,3,265769
1822,149,1,3,137717
1823,149,1,3,189152
1824,149,1,3,183693
1825,149,1,3,245133
1826,149,1,3,220212
1827,149,1,3,292127
1828,149,1,3,192052
1829,150,1,3,257541
1830,150,1,3,433188
1831,150,1,3,188395
1832,150,1,3,281573
1833,150,1,3,254955
1834,150,1,3,249208
1835,150,1,3,302053
1836,150,1,3,386795
1837,150,1,3,415817
1838,150,1,3,311327
1839,151,1,3,304457
1840,151,1,3,328254
1841,151,1,3,398942
1842,151,1,3,269740
1843,151,1,3,328097
1844,151,1,3,261982
1845,151,1,3,497998
1846,151,1,3,294347
1847,151,1,3,240065
1848,151,1,3,237296
1849,151,1,3,319764
1850,151,1,3,351738
1851,151,1,3,317204
1852,151,1,3,588721
1853,152,1,3,312424
1854,152,1,3,515239
1855,152,1,3,396199
1856,152,1,3,387186
1857,152,1,3,496718
1858,152,1,3,347428
1859,152,1,3,500062
1860,152,1,3,330919
1861,153,1,3,269557
1862,153,1,3,279353
1863,153,1,3,318955
1864,153,1,3,395520
1865,153,1,3,322899
1866,153,1,3,313103
1867,153,1,3,372480
1868,153,1,3,245394
1869,153,1,3,414380
1870,153,1,3,365061
1871,153,1,3,457639
1872,153,1,3,315898
1873,153,1,3,496065
1874,154,1,3,285753
1875,154,1,3,397740
1876,154,1,3,311719
1877,154,1,3,414824
1878,154,1,3,244532
1879,154,1,3,264359
1880,154,1,3,396878
1881,154,1,3,534883
1882,155,1,3,350458
1883,155,1,3,441234
1884,155,1,3,505626
1885,155,1,3,324989
1886,155,1,3,510197
1887,155,1,3,345626
1888,155,1,3,430210
1889,155,1,3,327235
1890,155,1,3,429479
1891,155,1,3,314017
1892,155,1,3,527986
1893,156,1,3,403382
1894,156,1,3,585769
1895,156,1,3,385828
1896,156,1,3,446484
1897,156,1,3,395389
1898,156,1,3,345547
1899,156,1,3,464039
1900,156,1,3,588564
1901,156,1,3,313991
1902,157,1,2,207725
1903,157,1,2,233534
1904,157,1,2,214961
1905,157,1,2,268016
1906,157,1,2,209893
1907,157,1,2,318328
1908,157,1,2,276871
1909,157,1,2,168594
1910,157,1,2,134191
1911,157,1,2,191320
1912,157,1,2,196388
1913,157,1,2,212558
1914,157,1,2,309786
1915,157,1,2,192078
1916,158,1,7,238550
1917,158,1,7,220081
1918,158,1,7,197694
1919,158,1,7,209397
1920,158,1,7,245551
1921,158,1,7,275748
1922,158,1,7,199758
1923,158,1,7,155428
1924,158,1,7,215353
1925,158,1,7,307200
1926,158,1,7,156212
1927,158,1,7,321828
1928,158,1,7,72463
1929,159,1,7,152293
1930,159,1,7,278099
1931,159,1,7,229564
1932,159,1,7,268721
1933,159,1,7,251297
1934,159,1,7,272796
1935,159,1,7,265665
1936,159,1,7,286249
1937,159,1,7,209737
1938,159,1,7,135732
1939,159,1,7,133093
1940,159,1,7,413910
1941,159,1,7,205688
1942,160,1,3,169926
1943,160,1,3,203546
1944,160,1,3,160026
1945,160,1,3,217626
1946,160,1,3,203337
1947,160,1,3,192600
1948,160,1,3,164675
1949,160,1,3,213916
1950,160,1,3,158432
1951,160,1,3,98115
1952,160,1,3,258403
1953,160,1,3,168071
1954,160,1,3,176457
1955,160,1,3,169926
1956,160,1,3,180427
1957,161,1,16,234788
1958,161,1,16,255373
1959,161,1,16,234684
1960,161,1,16,219271
1961,161,1,16,206811
1962,161,1,16,252682
1963,161,1,16,194873
1964,161,1,16,245681
1965,161,1,16,238288
1966,161,1,16,249495
1967,161,1,16,274625
1968,161,1,16,39131
1969,162,1,3,266814
1970,162,1,3,269844
1971,162,1,3,270288
1972,162,1,3,283559
1973,162,1,3,276767
1974,162,1,3,340114
1975,162,1,3,282618
1976,162,1,3,254511
1977,162,1,3,236904
1978,162,1,3,248006
1979,162,1,3,279980
1980,162,1,3,268956
1981,162,1,3,206837
1982,162,1,3,286197
1983,162,1,3,200829
1984,162,1,3,240979
1985,162,1,3,221962
1986,163,1,1,52218
1987,163,1,1,160235
1988,163,1,1,215196
1989,163,1,1,271516
1990,163,1,1,287190
1991,163,1,1,127555
1992,163,1,1,250017
1993,163,1,1,116218
1994,163,1,1,190354
1995,163,1,1,211200
1996,163,1,1,281887
1997,163,1,1,225724
1998,163,1,1,163761
1999,163,1,1,149995
2000,163,1,1,208378
2001,163,1,1,115591
2002,163,1,1,216346
2003,164,1,1,301296
2004,164,1,1,254928
2005,164,1,1,219219
2006,164,1,1,183928
2007,164,1,1,256992
2008,164,1,1,177031
2009,164,1,1,143281
2010,164,1,1,223973
2011,164,1,1,156786
2012,164,1,1,212636
2013,164,1,1,196440
2014,164,1,1,230556
2015,165,1,1,96888
2016,165,1,1,209188
2017,165,1,1,223033
2018,165,1,1,161253
2019,165,1,1,267075
2020,165,1,1,233743
2021,165,1,1,262791
2022,165,1,1,217521
2023,165,1,1,258351
2024,165,1,1,284160
2025,165,1,1,306625
2026,165,1,1,330292
2027,165,1,1,329795
2028,165,1,1,214831
2029,165,1,1,199105
2030,166,1,7,240744
2031,166,1,7,188212
2032,166,1,7,233404
2033,166,1,7,252264
2034,166,1,7,228571
2035,166,1,7,245133
2036,166,1,7,159555
2037,166,1,7,146599
2038,166,1,7,211565
2039,166,1,7,217286
2040,166,1,7,230191
2041,166,1,7,224470
2042,166,1,7,206001
2043,166,1,7,235833
2044,167,1,7,287059
2045,167,1,7,225880
2046,167,1,7,162925
2047,167,1,7,184555
2048,167,1,7,182987
2049,167,1,7,206524
2050,167,1,7,244976
2051,167,1,7,240796
2052,167,1,7,208013
2053,167,1,7,188577
2054,167,1,7,148558
2055,167,1,7,178337
2056,167,1,7,198922
2057,167,1,7,216685
2058,167,1,7,262870
2059,167,1,7,182517
2060,167,1,7,255738
2061,167,1,7,228754
2062,167,1,7,259186
2063,167,1,7,203415
2064,167,1,7,256522
2065,168,1,7,231653
2066,168,1,7,219585
2067,168,1,7,183588
2068,168,1,7,159895
2069,168,1,7,192653
2070,168,1,7,176431
2071,168,1,7,217573
2072,168,1,7,198191
2073,168,1,7,202788
2074,168,1,7,226298
2075,168,1,7,241084
2076,168,1,7,258089
2077,169,1,7,211330
2078,169,1,7,219271
2079,169,1,7,227918
2080,169,1,7,302393
2081,169,1,7,190197
2082,169,1,7,208352
2083,169,1,7,210207
2084,169,1,7,189178
2085,169,1,7,208431
2086,169,1,7,161175
2087,169,1,7,229590
2088,169,1,7,275644
2089,169,1,7,245890
2090,169,1,7,250070
2091,169,1,7,337057
2092,169,1,7,148871
2093,170,2,1,257252
2094,171,2,1,312980
2095,171,2,1,295960
2096,172,2,1,290851
2097,173,2,1,251586
2098,173,2,1,444358
2099,174,1,3,283088
2100,174,1,3,322716
2101,174,1,3,308897
2102,174,1,3,344241
2103,174,1,3,261224
2104,174,1,3,349440
2105,174,1,3,485720
2106,174,1,3,467069
2107,174,1,3,172120
2108,174,1,3,357067
2109,174,1,3,176352
2110,174,1,3,334393
2111,174,1,3,249208
2112,174,1,3,261302
2113,175,1,1,240796
2114,175,1,1,373394
2115,175,1,1,232359
2116,175,1,1,405028
2117,175,1,1,262112
2118,175,1,1,336535
2119,175,1,1,230896
2120,175,1,1,318511
2121,175,1,1,321619
2122,175,1,1,345626
2123,175,1,1,335699
2124,175,1,1,246465
2125,176,1,10,330266
2126,176,1,10,281469
2127,176,1,10,328228
2128,176,1,10,383764
2129,176,1,10,120816
2130,176,1,10,212297
2131,176,1,10,340767
2132,176,1,10,205087
2133,176,1,10,279693
2134,176,1,10,214909
2135,176,1,10,180166
2136,176,1,10,221596
2137,176,1,10,203911
2138,176,1,10,186723
2139,177,1,1,170396
2140,177,1,1,309995
2141,177,1,1,240274
2142,177,1,1,258638
2143,177,1,1,189936
2144,177,1,1,326426
2145,177,1,1,198844
2146,177,1,1,199706
2147,177,1,1,418168
2148,177,1,1,235232
2149,178,1,1,305293
2150,178,1,1,233613
2151,178,1,1,223764
2152,178,1,1,407484
2153,178,1,1,229328
2154,178,1,1,122801
2155,178,1,1,148192
2156,178,1,1,161541
2157,178,1,1,242991
2158,178,1,1,317100
2159,178,1,1,343222
2160,178,1,1,278595
2161,178,1,1,225462
2162,178,1,1,246204
2163,178,1,1,415712
2164,178,1,1,377652
2165,179,1,4,234344
2166,179,1,4,209188
2167,179,1,4,139990
2168,179,1,4,270341
2169,179,1,4,263235
2170,179,1,4,216555
2171,179,1,4,184398
2172,179,1,4,178573
2173,179,1,4,249547
2174,179,1,4,53733
2175,179,1,4,225567
2176,179,1,4,329743
2177,179,1,4,428643
2178,180,1,1,219428
2179,180,1,1,230112
2180,180,1,1,276453
2181,180,1,1,231888
2182,180,1,1,195108
2183,180,1,1,215719
2184,180,1,1,250226
2185,180,1,1,270863
2186,180,1,1,158589
2187,180,1,1,161253
2188,180,1,1,215092
2189,180,1,1,237479
2190,180,1,1,251010
2191,180,1,1,65593
2192,180,1,1,277655
2193,181,1,1,231758
2194,181,1,1,293720
2195,181,1,1,341080
2196,181,1,1,200254
2197,181,1,1,343823
2198,181,1,1,318981
2199,181,1,1,162194
2200,181,1,1,210520
2201,181,1,1,299154
2202,181,1,1,258324
2203,181,1,1,546063
2204,182,1,1,193123
2205,182,1,1,169325
2206,182,1,1,235598
2207,182,1,1,206968
2208,182,1,1,215510
2209,182,1,1,359262
2210,182,1,1,170631
2211,182,1,1,284186
2212,182,1,1,255425
2213,182,1,1,196336
2214,182,1,1,189257
2215,182,1,1,302053
2216,141,1,8,243200
2217,141,1,8,221100
2218,141,1,8,276871
2219,141,1,8,230191
2220,141,1,8,221570
2221,141,1,8,265665
2222,141,1,8,239751
2223,141,1,8,260310
2224,141,1,8,353671
2225,141,1,8,213054
2226,141,1,8,234684
2227,141,1,8,309733
2228,141,1,8,366733
2229,183,1,1,234213
2230,183,1,1,214595
2231,183,1,1,425195
2232,183,1,1,284055
2233,183,1,1,391888
2234,183,1,1,461035
2235,183,1,1,205740
2236,183,1,1,230556
2237,183,1,1,125361
2238,184,1,17,315637
2239,184,1,17,172591
2240,184,1,17,151536
2241,184,1,17,29048
2242,184,1,17,165146
2243,184,1,17,213263
2244,184,1,17,202631
2245,184,1,17,171964
2246,184,1,17,185103
2247,184,1,17,100858
2248,184,1,17,197485
2249,184,1,17,202004
2250,184,1,17,121808
2251,184,1,17,205923
2252,184,1,17,121704
2253,184,1,17,410409
2254,185,1,1,358948
2255,185,1,1,216946
2256,185,1,1,182099
2257,185,1,1,204695
2258,185,1,1,183823
2259,185,1,1,172225
2260,185,1,1,211826
2261,185,1,1,228832
2262,185,1,1,164231
2263,185,1,1,297351
2264,185,1,1,255346
2265,185,1,1,175960
2266,185,1,1,213368
2267,185,1,1,168489
2268,185,1,1,170553
2269,185,1,1,122880
2270,185,1,1,180950
2271,186,1,1,122671
2272,186,1,1,182883
2273,186,1,1,207386
2274,186,1,1,190119
2275,186,1,1,275356
2276,186,1,1,184737
2277,186,1,1,231235
2278,186,1,1,187428
2279,186,1,1,186958
2280,186,1,1,386194
2281,186,1,1,206471
2282,187,1,4,226298
2283,187,1,4,246674
2284,187,1,4,255477
2285,188,1,4,185730
2286,188,1,4,160235
2287,188,1,4,226298
2288,188,1,4,192862
2289,188,1,4,259761
2290,188,1,4,216633
2291,188,1,4,231706
2292,188,1,4,257358
2293,188,1,4,235911
2294,188,1,4,304013
2295,188,1,4,191503
2296,189,1,1,271151
2297,189,1,1,308532
2298,189,1,1,326791
2299,189,1,1,309498
2300,189,1,1,324963
2301,189,1,1,437968
2302,189,1,1,209423
2303,189,1,1,245812
2304,189,1,1,333087
2305,189,1,1,301688
2306,189,1,1,154148
2307,189,1,1,252682
2308,189,1,1,212062
2309,189,1,1,245315
2310,187,1,4,269035
2311,187,1,4,296777
2312,187,1,4,199862
2313,187,1,4,230687
2314,187,1,4,247013
2315,187,1,4,208431
2316,187,1,4,220081
2317,187,1,4,249782
2318,190,1,4,233482
2319,190,1,4,245315
2320,190,1,4,208509
2321,190,1,4,203206
2322,190,1,4,194768
2323,190,1,4,272352
2324,190,1,4,229929
2325,190,1,4,225671
2326,190,1,4,220630
2327,190,1,4,204747
2328,190,1,4,172016
2329,190,1,4,227709
2330,190,1,4,260623
2331,190,1,4,197355
2332,190,1,4,229276
2333,190,1,4,244819
2334,191,1,4,138266
2335,191,1,4,142132
2336,191,1,4,121652
2337,191,1,4,126040
2338,191,1,4,180035
2339,191,1,4,195578
2340,191,1,4,293276
2341,191,1,4,249051
2342,191,1,4,158589
2343,191,1,4,133851
2344,192,1,1,203206
2345,192,1,1,261720
2346,192,1,1,177606
2347,192,1,1,192679
2348,192,1,1,232515
2349,192,1,1,142602
2350,192,1,1,196702
2351,192,1,1,134896
2352,192,1,1,165067
2353,192,1,1,206053
2354,192,1,1,175464
2355,192,1,1,268068
2356,192,1,1,244897
2357,192,1,1,231836
2358,193,1,4,243591
2359,193,1,4,216790
2360,193,1,4,295497
2361,193,1,4,323395
2362,193,1,4,217234
2363,193,1,4,244506
2364,193,1,4,240091
2365,193,1,4,248084
2366,193,1,4,283010
2367,193,1,4,271229
2368,193,1,4,264359
2369,193,1,4,265717
2370,193,1,4,282226
2371,193,1,4,193593
2372,193,1,4,279118
2373,193,1,4,496692
2374,193,1,4,71941
2375,194,1,1,218017
2376,194,1,1,259213
2377,194,1,1,257906
2378,194,1,1,312058
2379,194,1,1,277995
2380,194,1,1,232960
2381,194,1,1,269400
2382,194,1,1,193906
2383,194,1,1,295810
2384,194,1,1,224574
2385,194,1,1,218592
2386,194,1,1,317413
2387,194,1,1,208509
2388,194,1,1,217835
2389,194,1,1,256653
2390,194,1,1,369110
2391,195,1,1,238837
2392,195,1,1,270654
2393,195,1,1,217469
2394,195,1,1,255973
2395,195,1,1,198164
2396,195,1,1,321671
2397,195,1,1,231418
2398,195,1,1,163787
2399,195,1,1,240300
2400,195,1,1,157727
2401,195,1,1,225280
2402,195,1,1,292493
2403,195,1,1,253440
2404,195,1,1,112613
2405,195,1,1,205635
2406,196,1,1,299154
2407,196,1,1,285126
2408,196,1,1,240770
2409,196,1,1,324362
2410,196,1,1,667428
2411,196,1,1,280528
2412,196,1,1,519888
2413,196,1,1,264515
2414,196,1,1,175412
2415,196,1,1,272718
2416,196,1,1,133459
2417,196,1,1,577488
2418,196,1,1,202318
2419,196,1,1,305528
2420,197,1,1,592953
2421,197,1,1,713534
2422,197,1,1,628062
2423,197,1,1,318432
2424,197,1,1,233064
2425,197,1,1,296437
2426,197,1,1,638563
2427,197,1,1,882834
2428,198,1,1,475402
2429,198,1,1,1070027
2430,198,1,1,94720
2431,198,1,1,850259
2432,198,1,1,934791
2433,198,1,1,618344
2434,141,1,1,270053
2435,141,1,1,268408
2436,141,1,1,262687
2437,141,1,1,232594
2438,141,1,1,237662
2439,141,1,1,235232
2440,141,1,1,206524
2441,141,1,1,248137
2442,141,1,1,239595
2443,141,1,1,303934
2444,141,1,1,240666
2445,141,1,1,256992
2446,141,1,1,298083
2447,141,1,1,240561
2448,141,1,1,263888
2449,199,1,1,278987
2450,199,1,1,233665
2451,199,1,1,250122
2452,199,1,1,240613
2453,199,1,1,238628
2454,199,1,1,249600
2455,199,1,1,245629
2456,199,1,1,298527
2457,199,1,1,314723
2458,199,1,1,272169
2459,199,1,1,306390
2460,199,1,1,264568
2461,200,1,1,1071
2462,200,1,1,254223
2463,200,1,1,247954
2464,200,1,1,317492
2465,200,1,1,243748
2466,200,1,1,279353
2467,200,1,1,245551
2468,200,1,1,292414
2469,200,1,1,239229
2470,200,1,1,254928
2471,200,1,1,318406
2472,201,1,4,189387
2473,201,1,4,473391
2474,201,1,4,226403
2475,201,1,4,192339
2476,201,1,4,192940
2477,201,1,4,240901
2478,201,1,4,192731
2479,201,1,4,266893
2480,201,1,4,176822
2481,201,1,4,228336
2482,201,1,4,229877
2483,201,1,4,366471
2484,201,1,4,249364
2485,201,1,4,299389
2486,201,1,4,399986
2487,201,1,4,286302
2488,202,1,4,261172
2489,202,1,4,353462
2490,202,1,4,270497
2491,202,1,4,299389
2492,202,1,4,202213
2493,202,1,4,198556
2494,202,1,4,190275
2495,202,1,4,257306
2496,202,1,4,263653
2497,202,1,4,161123
2498,202,1,4,255686
2499,202,1,4,294530
2500,202,1,4,261433
2501,202,1,4,203023
2502,202,1,4,242155
2503,202,1,4,253753
2504,202,1,4,250697
2505,202,1,4,231784
2506,203,1,1,238027
2507,203,1,1,208822
2508,203,1,1,297456
2509,203,1,1,362475
2510,203,1,1,225123
2511,203,1,1,352966
2512,203,1,1,312476
2513,203,1,1,267728
2514,203,1,1,248476
2515,203,1,1,321175
2516,203,1,1,320365
2517,203,1,1,282331
2518,203,1,1,253570
2519,203,1,1,292153
2520,203,1,1,347898
2521,203,1,1,188786
2522,203,1,1,232202
2523,204,1,2,238759
2524,204,1,2,275147
2525,204,1,2,238315
2526,204,1,2,240091
2527,204,1,2,291500
2528,204,1,2,338729
2529,204,1,2,270027
2530,204,1,2,264019
2531,204,1,2,320078
2532,205,1,6,144352
2533,205,1,6,251219
2534,205,1,6,281155
2535,205,1,6,164127
2536,205,1,6,256365
2537,205,1,6,140826
2538,205,1,6,336927
2539,205,1,6,163422
2540,205,1,6,201586
2541,205,1,6,528692
2542,206,1,1,310386
2543,206,1,1,218723
2544,206,1,1,245368
2545,206,1,1,80613
2546,206,1,1,364800
2547,206,1,1,229720
2548,206,1,1,333191
2549,206,1,1,324623
2550,206,1,1,314017
2551,206,1,1,96914
2552,206,1,1,194403
2553,206,1,1,505991
2554,207,1,3,63764
2555,207,1,3,255555
2556,207,1,3,228127
2557,207,1,3,131787
2558,207,1,3,249312
2559,207,1,3,128339
2560,207,1,3,211435
2561,207,1,3,200698
2562,207,1,3,205897
2563,207,1,3,176953
2564,207,1,3,320783
2565,208,1,1,880640
2566,208,1,1,513541
2567,208,1,1,447582
2568,208,1,1,526471
2569,208,1,1,549093
2570,208,1,1,583366
2571,208,1,1,529841
2572,209,1,6,286981
2573,209,1,6,268094
2574,209,1,6,222720
2575,209,1,6,218749
2576,209,1,6,389146
2577,209,1,6,368300
2578,209,1,6,372636
2579,209,1,6,459990
2580,209,1,6,404688
2581,209,1,6,308401
2582,210,1,6,359314
2583,210,1,6,371879
2584,210,1,6,505521
2585,210,1,6,361978
2586,210,1,6,275565
2587,210,1,6,314409
2588,210,1,6,233639
2589,210,1,6,206994
2590,210,1,6,337084
2591,211,1,4,118726
2592,211,1,4,180297
2593,211,1,4,192653
2594,211,1,4,227500
2595,211,1,4,240640
2596,211,1,4,195526
2597,211,1,4,156708
2598,211,1,4,159764
2599,211,1,4,199706
2600,211,1,4,189675
2601,211,1,4,272431
2602,211,1,4,324336
2603,211,1,4,261433
2604,211,1,4,268486
2605,211,1,4,249756
2606,211,1,4,217678
2607,211,1,4,222145
2608,211,1,4,187219
2609,212,1,1,252630
2610,212,1,1,216215
2611,212,1,1,219088
2612,212,1,1,235755
2613,212,1,1,299781
2614,212,1,1,289488
2615,212,1,1,236878
2616,212,1,1,300591
2617,212,1,1,209789
2618,212,1,1,262817
2619,212,1,1,308009
2620,212,1,1,231862
2621,213,1,1,253727
2622,213,1,1,312790
2623,213,1,1,165825
2624,213,1,1,230060
2625,213,1,1,258768
2626,213,1,1,256026
2627,213,1,1,266893
2628,213,1,1,257619
2629,213,1,1,236669
2630,213,1,1,241632
2631,213,1,1,274207
2632,213,1,1,326739
2633,213,1,1,215536
2634,213,1,1,238158
2635,213,1,1,255451
2636,213,1,1,368431
2637,213,1,1,212009
2638,213,1,1,282200
2639,214,1,1,149342
2640,214,1,1,215066
2641,214,1,1,154853
2642,214,1,1,153913
2643,214,1,1,200097
2644,214,1,1,428329
2645,214,1,1,214360
2646,214,1,1,142080
2647,214,1,1,172695
2648,214,1,1,137168
2649,214,1,1,701831
2650,215,1,1,192992
2651,215,1,1,181159
2652,215,1,1,291474
2653,215,1,1,302080
2654,215,1,1,241031
2655,215,1,1,247196
2656,215,1,1,261120
2657,215,1,1,225593
2658,215,1,1,181133
2659,215,1,1,254615
2660,215,1,1,300512
2661,215,1,1,315454
2662,215,1,1,293590
2663,215,1,1,290951
2664,216,1,1,179983
2665,216,1,1,164493
2666,216,1,1,132022
2667,216,1,1,226612
2668,216,1,1,164284
2669,216,1,1,176013
2670,216,1,1,167549
2671,216,1,1,237923
2672,216,1,1,226063
2673,216,1,1,221387
2674,216,1,1,197459
2675,216,1,1,217495
2676,217,1,1,49737
2677,217,1,1,205766
2678,217,1,1,382119
2679,217,1,1,252421
2680,217,1,1,365844
2681,217,1,1,257488
2682,217,1,1,325694
2683,217,1,1,302497
2684,217,1,1,376215
2685,217,1,1,234893
2686,217,1,1,215693
2687,217,1,1,337266
2688,217,1,1,287294
2689,217,1,1,479242
2690,218,1,1,230896
2691,218,1,1,215928
2692,218,1,1,196466
2693,218,1,1,144613
2694,218,1,1,172146
2695,218,1,1,222119
2696,218,1,1,327418
2697,218,1,1,264019
2698,218,1,1,256052
2699,218,1,1,285492
2700,218,1,1,268225
2701,218,1,1,273946
2702,218,1,1,249417
2703,218,1,1,375092
2704,218,1,1,249155
2705,219,1,4,277968
2706,219,1,4,205087
2707,219,1,4,212062
2708,219,1,4,315559
2709,219,1,4,343875
2710,219,1,4,222458
2711,219,1,4,396303
2712,219,1,4,306337
2713,219,1,4,244114
2714,219,1,4,241867
2715,219,1,4,343170
2716,219,1,4,169795
2717,219,1,4,261903
2718,219,1,4,277786
2719,219,1,4,214752
2720,220,1,4,205244
2721,220,1,4,215405
2722,220,1,4,317231
2723,220,1,4,177711
2724,220,1,4,298187
2725,220,1,4,266292
2726,220,1,4,317257
2727,220,1,4,292466
2728,220,1,4,250253
2729,220,1,4,289750
2730,220,1,4,343745
2731,221,1,1,125152
2732,221,1,1,161253
2733,221,1,1,197825
2734,221,1,1,228022
2735,221,1,1,157126
2736,221,1,1,149472
2737,221,1,1,132310
2738,221,1,1,164414
2739,221,1,1,262791
2740,221,1,1,197224
2741,221,1,1,181890
2742,221,1,1,204643
2743,221,1,1,309472
2744,221,1,1,513750
2745,221,1,1,243513
2746,221,1,1,289619
2747,221,1,1,262556
2748,221,1,1,161280
2749,221,1,1,299232
2750,221,1,1,338520
2751,222,1,7,126615
2752,222,1,7,194690
2753,222,1,7,197955
2754,222,1,7,262974
2755,222,1,7,105064
2756,222,1,7,131317
2757,222,1,7,237897
2758,222,1,7,172068
2759,222,1,7,158511
2760,222,1,7,115461
2761,222,1,7,238367
2762,222,1,7,90148
2763,222,1,7,171389
2764,222,1,7,200489
2765,222,1,7,217391
2766,223,1,7,153155
2767,223,1,7,253805
2768,223,1,7,242599
2769,223,1,7,152607
2770,223,1,7,242782
2771,223,1,7,159791
2772,223,1,7,221387
2773,223,1,7,139598
2774,223,1,7,206471
2775,223,1,7,139337
2776,223,1,7,174001
2777,223,1,7,209737
2778,223,1,7,162220
2779,223,1,7,184450
2780,223,1,7,252943
2781,224,1,4,322612
2782,224,1,4,230504
2783,224,1,4,222484
2784,224,1,4,218331
2785,224,1,4,296829
2786,224,1,4,199131
2787,224,1,4,264359
2788,224,1,4,245995
2789,224,1,4,215510
2790,224,1,4,158458
2791,224,1,4,151693
2792,224,1,4,191503
2793,224,1,4,37120
2794,224,1,4,184946
2795,224,1,4,104986
2796,224,1,4,189988
2797,224,1,4,34168
2798,224,1,4,195500
2799,224,1,4,56111
2800,224,1,4,212401
2801,224,1,4,285936
2802,224,1,4,293668
2803,225,1,4,170684
2804,225,1,4,195840
2805,225,1,4,246622
2806,225,1,4,213289
2807,225,1,4,221831
2808,225,1,4,208613
2809,225,1,4,189440
2810,225,1,4,183092
2811,225,1,4,203702
2812,225,1,4,224261
2813,225,1,4,262191
2814,225,1,4,207830
2815,225,1,4,276035
2816,225,1,4,209084
2817,225,1,4,251115
2818,225,1,4,156656
2819,226,3,18,2622250
2820,227,3,19,5286953
2821,227,3,19,2621708
2822,227,3,19,2618000
2823,227,3,19,2626626
2824,227,3,19,2631291
2825,227,3,18,2563938
2826,227,3,18,2713755
2827,227,3,18,2622038
2828,227,3,18,2623875
2829,227,3,18,2618750
2830,227,3,18,2624541
2831,227,3,18,2624207
2832,227,3,18,2626376
2833,227,3,18,2620245
2834,227,3,18,2627961
2835,227,3,18,2622372
2836,227,3,18,2621830
2837,227,3,20,2622622
2838,227,3,20,2869953
2839,228,3,19,2611986
2840,228,3,21,2571154
2841,228,3,21,2607649
2842,228,3,21,2605480
2843,228,3,21,2533575
2844,228,3,21,2573031
2845,228,3,19,2605647
2846,228,3,21,2613988
2847,228,3,21,2601351
2848,228,3,19,2602852
2849,228,3,21,2594761
2850,228,3,21,2600266
2851,228,3,21,2590382
2852,228,3,21,2602602
2853,228,3,21,2598139
2854,228,3,21,2601226
2855,228,3,21,2601101
2856,228,3,21,2602727
2857,229,3,19,2636970
2858,230,3,19,2548875
2859,231,3,19,2612250
2860,231,3,19,2564958
2861,230,3,19,2436583
2862,229,3,21,2637458
2863,229,3,19,2563980
2864,231,3,19,2609083
2865,230,3,19,2627105
2866,229,3,21,2637387
2867,231,3,19,2609192
2868,230,3,19,2587370
2869,231,3,19,2563833
2870,229,3,19,2637500
2871,230,3,19,2571965
2872,231,3,19,2587041
2873,230,3,19,2590032
2874,229,3,19,2627791
2875,229,3,21,2637303
2876,229,3,21,2637345
2877,230,3,19,2631327
2878,231,3,19,2610625
2879,231,3,19,2564916
2880,230,3,19,2615244
2881,229,3,21,2636636
2882,229,3,21,2632590
2883,230,3,19,2612894
2884,231,3,19,2610250
2885,230,3,19,2590459
2886,229,3,21,2636428
2887,231,3,19,2610416
2888,230,3,19,2555492
2889,231,3,21,2611333
2890,229,3,21,2635010
2891,229,3,21,2629796
2892,231,3,21,2600333
2893,230,3,19,2616410
2894,230,3,19,2619462
2895,229,3,21,2629879
2896,231,3,19,2679583
2897,231,3,21,2698791
2898,230,3,19,2618530
2899,229,3,21,2637637
2900,229,3,21,2593760
2901,230,3,19,2515882
2902,231,3,21,2780416
2903,229,3,21,2635343
2904,230,3,19,2619887
2905,231,3,21,2610125
2906,230,3,19,2604575
2907,231,3,21,2610250
2908,229,3,21,2638096
2909,229,3,21,2561394
2910,231,3,19,2825166
2911,230,3,19,2609772
2912,229,3,21,2616032
2913,230,3,19,2582009
2914,231,3,19,2639541
2915,230,3,19,2618487
2916,231,3,21,2610958
2917,230,3,19,2617784
2918,231,3,19,2782333
2919,230,3,19,2618619
2920,231,3,19,2763666
2921,230,3,19,2620747
2922,231,3,21,2478041
2923,230,3,19,2605557
2924,231,3,19,2656531
2925,230,3,19,2619869
2926,232,1,1,276349
2927,232,1,1,221361
2928,232,1,1,276192
2929,232,1,1,278700
2930,232,1,1,316551
2931,232,1,1,349492
2932,232,1,1,268982
2933,232,1,1,243826
2934,232,1,1,232463
2935,232,1,1,330788
2936,232,1,1,270288
2937,232,1,1,263497
2938,233,1,1,248163
2939,233,1,1,272378
2940,233,1,1,227552
2941,233,1,1,296280
2942,233,1,1,266893
2943,233,1,1,219271
2944,233,1,1,226768
2945,233,1,1,288496
2946,233,1,1,257776
2947,233,1,1,330370
2948,233,1,1,330657
2949,234,1,1,234788
2950,234,1,1,196702
2951,234,1,1,185103
2952,234,1,1,282671
2953,234,1,1,213289
2954,234,1,1,287895
2955,234,1,1,202631
2956,234,1,1,294164
2957,234,1,1,289253
2958,234,1,1,277760
2959,234,1,1,242364
2960,234,1,1,279875
2961,234,1,1,179879
2962,234,1,1,274546
2963,234,1,1,153965
2964,235,1,1,194612
2965,235,1,1,239124
2966,235,1,1,308976
2967,235,1,1,290690
2968,235,1,1,347951
2969,235,1,1,219141
2970,235,1,1,270132
2971,235,1,1,303568
2972,235,1,1,231680
2973,235,1,1,281443
2974,235,1,1,262034
2975,236,1,1,319582
2976,236,1,1,307539
2977,236,1,1,349178
2978,236,1,1,322533
2979,236,1,1,276924
2980,236,1,1,285753
2981,236,1,1,266866
2982,236,1,1,293041
2983,236,1,1,280555
2984,236,1,1,315167
2985,236,1,1,302602
2986,236,1,1,292832
2987,237,1,1,187350
2988,237,1,1,186044
2989,237,1,1,179226
2990,237,1,1,382458
2991,237,1,1,264568
2992,237,1,1,353567
2993,237,1,1,38164
2994,237,1,1,349831
2995,237,1,1,267807
2996,237,1,1,229276
2997,237,1,1,384522
2998,237,1,1,255869
2999,237,1,1,303360
3000,237,1,1,195604
3001,237,1,1,43232
3002,237,1,1,337005
3003,237,1,1,390243
3004,238,1,1,230243
3005,238,1,1,258925
3006,238,1,1,299023
3007,238,1,1,280764
3008,238,1,1,282174
3009,238,1,1,351817
3010,238,1,1,276218
3011,238,1,1,218253
3012,238,1,1,295183
3013,238,1,1,183066
3014,238,1,1,179853
3015,238,1,1,258194
3016,238,1,1,230217
3017,238,1,1,591986
3018,239,1,1,278204
3019,239,1,1,191582
3020,239,1,1,336274
3021,239,1,1,287294
3022,239,1,1,254458
3023,239,1,1,221283
3024,239,1,1,243487
3025,239,1,1,225854
3026,239,1,1,333505
3027,239,1,1,157962
3028,240,1,1,392359
3029,240,1,1,241998
3030,240,1,1,260284
3031,240,1,1,418324
3032,240,1,1,298475
3033,240,1,1,320287
3034,240,1,1,257436
3035,240,1,1,225697
3036,240,1,1,324440
3037,240,1,1,283951
3038,241,1,8,196179
3039,241,1,8,226742
3040,241,1,8,334524
3041,241,1,8,203833
3042,241,1,8,242102
3043,241,1,8,226951
3044,241,1,8,213342
3045,241,1,8,207568
3046,241,1,8,260179
3047,241,1,8,341498
3048,241,1,8,270053
3049,241,1,8,245106
3050,241,1,8,319582
3051,241,1,8,235807
3052,242,1,1,186723
3053,242,1,1,210259
3054,242,1,1,82860
3055,242,1,1,206968
3056,242,1,1,100153
3057,242,1,1,174680
3058,242,1,1,225985
3059,242,1,1,42240
3060,242,1,1,228806
3061,242,1,1,165146
3062,242,1,1,201116
3063,242,1,1,65488
3064,243,1,1,102164
3065,243,1,1,228336
3066,243,1,1,215902
3067,243,1,1,185965
3068,243,1,1,213968
3069,243,1,1,208953
3070,243,1,1,241711
3071,243,1,1,211853
3072,243,1,1,227761
3073,243,1,1,291813
3074,243,1,1,338991
3075,243,1,1,321854
3076,243,1,1,321828
3077,243,1,1,248502
3078,243,1,1,308950
3079,243,1,1,315376
3080,243,1,1,366053
3081,244,1,1,216032
3082,244,1,1,102556
3083,244,1,1,158589
3084,244,1,1,230060
3085,244,1,1,226507
3086,244,1,1,210546
3087,244,1,1,182073
3088,244,1,1,222850
3089,244,1,1,203258
3090,244,1,1,200306
3091,244,1,1,180636
3092,245,1,1,105639
3093,245,1,1,390295
3094,245,1,1,330788
3095,245,1,1,324414
3096,245,1,1,327392
3097,245,1,1,462837
3098,245,1,1,331728
3099,245,1,1,342491
3100,245,1,1,514612
3101,245,1,1,86987
3102,245,1,1,342282
3103,245,1,1,363937
3104,246,1,1,267859
3105,246,1,1,235911
3106,246,1,1,265613
3107,246,1,1,257750
3108,246,1,1,221701
3109,246,1,1,270889
3110,246,1,1,223033
3111,246,1,1,255921
3112,246,1,1,247954
3113,246,1,1,335412
3114,246,1,1,248398
3115,246,1,1,237844
3116,246,1,1,348786
3117,247,1,7,119196
3118,247,1,7,421093
3119,247,1,7,222406
3120,247,1,7,275121
3121,247,1,7,55902
3122,247,1,7,221884
3123,247,1,7,259265
3124,247,1,7,236591
3125,247,1,7,181760
3126,247,1,7,191686
3127,247,1,7,151640
3128,247,1,7,220813
3129,247,1,7,167053
3130,247,1,7,336431
3131,247,1,7,193880
3132,141,1,3,398210
3133,141,1,3,233874
3134,141,1,3,283924
3135,141,1,3,259395
3136,141,1,3,391941
3137,141,1,3,251141
3138,141,1,3,202475
3139,141,1,3,367255
3140,141,1,3,317074
3141,141,1,3,250853
3142,141,1,3,262791
3143,141,1,3,337005
3144,141,1,3,250801
3145,141,1,3,273737
3146,248,1,7,240692
3147,248,1,7,200698
3148,248,1,7,225985
3149,248,1,7,180035
3150,248,1,7,185208
3151,248,1,7,219454
3152,248,1,7,270393
3153,248,1,7,140930
3154,248,1,7,107206
3155,248,1,7,158484
3156,248,1,7,269374
3157,248,1,7,217495
3158,248,1,7,243591
3159,248,1,7,299102
3160,248,1,7,245394
3161,248,1,7,206994
3162,248,1,7,168463
3163,248,1,7,152816
3164,248,1,7,332826
3165,229,3,21,2617325
3166,228,3,21,2585794
3167,228,3,21,2587712
3168,228,3,21,2601017
3169,229,3,21,2615990
3170,229,3,21,2617117
3171,228,3,21,2600725
3172,249,3,19,1380833
3173,249,3,19,1306416
3174,249,3,19,1321791
3175,249,3,19,1317125
3176,249,3,19,1323541
3177,249,3,19,1325458
3178,250,3,19,1253541
3179,250,3,19,1294541
3180,250,3,19,1290458
3181,250,3,19,1288166
3182,250,3,19,1315333
3183,250,3,19,1320028
3184,250,3,19,1299341
3185,250,3,19,1292458
3186,250,3,19,1328870
3187,250,3,19,1282115
3188,250,3,19,1267958
3189,250,3,19,1275275
3190,250,3,19,1264875
3191,250,3,19,1264375
3192,250,3,19,1278333
3193,250,3,19,1270375
3194,250,3,19,1278041
3195,250,3,19,1268333
3196,250,3,19,1237791
3197,250,3,19,1278625
3198,250,3,19,1274583
3199,250,3,19,1712791
3200,251,3,19,1326534
3201,251,3,19,1297213
3202,251,3,19,1276526
3203,251,3,19,1282615
3204,251,3,19,1280113
3205,251,3,19,1279904
3206,251,3,19,1822781
3207,251,3,19,1801926
3208,251,3,22,1273064
3209,251,3,22,2519436
3210,251,3,22,1271688
3211,251,3,22,1289039
3212,251,3,22,1700241
3213,251,3,22,1271938
3214,251,3,22,1271521
3215,251,3,22,1302093
3216,251,3,22,1272522
3217,251,3,22,1767851
3218,251,3,22,1271229
3219,251,3,22,1268268
3220,251,3,22,1732649
3221,251,3,22,1676134
3222,251,3,22,2541875
3223,228,3,21,2687103
3224,229,3,21,5088838
3225,252,2,1,310774
3226,253,3,20,2952702
3227,253,3,20,2956081
3228,253,3,20,2927802
3229,253,3,20,2922547
3230,253,3,20,2914664
3231,253,3,20,2920045
3232,253,3,20,2925008
3233,253,3,20,2907615
3234,253,3,20,2924341
3235,253,3,20,2924716
3236,253,3,20,2863571
3237,253,3,20,2924507
3238,253,3,20,2923298
3239,253,3,20,2926593
3240,253,3,20,2922630
3241,253,3,20,2923381
3242,253,3,20,2956998
3243,253,3,20,2935894
3244,253,3,20,2960293
3245,253,3,20,2903778
3246,253,3,20,2922088
3247,253,3,20,2923548
3248,253,3,20,2927677
3249,253,3,20,2924007
3250,254,3,19,2484567
3251,229,3,21,2617117
3252,229,3,21,2610860
3253,255,2,9,193188
3254,255,2,9,278312
3255,255,2,9,287740
3256,255,2,9,274644
3257,255,2,9,281424
3258,255,2,9,215084
3259,255,2,9,240719
3260,255,2,9,232778
3261,255,2,9,159473
3262,255,2,9,192329
3263,255,2,9,210348
3264,255,2,9,239094
3265,255,2,9,265449
3266,255,2,9,213018
3267,255,2,9,219078
3268,255,2,9,227995
3269,255,2,9,156059
3270,255,2,9,198645
3271,255,2,9,149093
3272,255,2,9,187546
3273,255,2,9,215549
3274,255,2,9,260410
3275,255,2,9,236911
3276,256,2,1,340890
3277,256,2,1,295960
3278,256,2,1,364180
3279,256,2,1,392764
3280,256,2,1,515435
3281,256,2,1,282678
3282,256,2,1,335248
3283,256,2,1,354706
3284,256,2,1,258343
3285,256,2,1,333622
3286,256,2,1,552308
3287,256,2,1,189171
3288,257,2,1,255766
3289,257,2,1,240325
3290,257,2,1,332740
3291,257,2,1,339125
3292,257,2,1,390674
3293,257,2,1,251865
3294,257,2,1,325774
3295,257,2,1,231246
3296,257,2,1,205332
3297,257,2,1,287229
3298,257,2,1,315325
3299,257,2,1,273041
3300,258,1,17,217835
3301,258,1,17,69120
3302,258,1,17,182230
3303,258,1,17,216633
3304,258,1,17,7941
3305,258,1,17,219402
3306,258,1,17,218331
3307,258,1,17,155611
3308,258,1,17,114520
3309,258,1,17,238393
3310,258,1,17,21211
3311,258,1,17,190432
3312,258,1,17,170475
3313,258,1,17,163030
3314,258,1,17,170213
3315,258,1,17,239908
3316,258,1,17,200620
3317,258,1,17,236120
3318,258,1,17,237035
3319,259,1,15,300564
3320,259,1,15,143830
3321,259,1,15,359000
3322,259,1,15,269740
3323,259,1,15,304143
3324,259,1,15,212323
3325,259,1,15,285727
3326,259,1,15,237426
3327,259,1,15,226142
3328,259,1,15,232881
3329,259,1,15,221570
3330,259,1,15,328751
3331,259,1,15,254484
3332,259,1,15,237322
3333,259,1,15,221805
3334,259,1,15,274651
3335,259,1,15,318484
3336,260,4,23,234013
3337,261,3,21,2492867
3338,261,3,21,2611903
3339,261,3,21,112712
3340,261,3,21,497163
3341,261,3,21,2611986
3342,261,3,21,2609025
3343,261,3,19,2608817
3344,261,3,21,2611569
3345,261,3,21,2605021
3346,261,3,19,2588797
3347,261,3,19,2612028
3348,261,3,21,2591299
3349,262,5,2,246503
3350,262,5,2,307385
3351,263,5,16,285837
3352,264,5,15,327122
3353,265,5,1,212044
3354,263,5,16,300605
3355,265,5,1,199923
3356,266,5,7,172710
3357,267,5,2,266936
3358,264,5,15,366085
3359,268,5,24,356426
3360,261,3,21,2612779
3361,261,3,21,2612028
3362,261,3,21,2609526
3363,261,3,21,2497956
3364,261,3,21,2582957
3365,269,2,23,384497
3366,269,2,23,672773
3367,269,2,23,246292
3368,269,2,23,225278
3369,269,2,23,304458
3370,269,2,23,342539
3371,269,2,23,250565
3372,269,2,23,244226
3373,269,2,23,414474
3374,269,2,23,231803
3375,270,2,23,224837
3376,270,2,23,237120
3377,270,2,23,214016
3378,270,2,23,256764
3379,270,2,23,204078
3380,270,2,23,231547
3381,270,2,23,218498
3382,270,2,23,281401
3383,270,2,23,220193
3384,270,2,23,205959
3385,270,2,23,217035
3386,270,2,23,267376
3387,270,2,23,273320
3388,270,2,23,240255
3389,271,2,23,252376
3390,271,2,23,217732
3391,271,2,23,260154
3392,271,2,23,230758
3393,271,2,23,218916
3394,271,2,23,228366
3395,271,2,23,213831
3396,271,2,23,274597
3397,271,2,23,233242
3398,271,2,23,266308
3399,271,2,23,213041
3400,271,2,23,298049
3401,271,2,23,301974
3402,271,3,23,294294
3403,272,2,24,245317
3404,273,2,24,501503
3405,274,2,24,271788
3406,275,2,24,199086
3407,276,2,24,193722
3408,277,2,24,120463
3409,278,2,24,143288
3410,279,2,24,582029
3411,280,2,24,197135
3412,281,2,24,348971
3413,282,2,24,394482
3414,283,4,24,306687
3415,284,2,24,392462
3416,285,2,24,338243
3417,286,2,24,274504
3418,287,2,24,189008
3419,288,2,24,258924
3420,289,2,24,304226
3421,290,2,24,250031
3422,291,2,24,277639
3423,292,2,24,522099
3424,293,2,24,176911
3425,294,2,24,596519
3426,295,2,24,156710
3427,296,2,24,198064
3428,251,3,22,1814855
3429,251,3,22,1705080
3430,297,2,24,153901
3431,298,2,24,254001
3432,299,2,24,545203
3433,300,2,24,307244
3434,301,2,24,560342
3435,302,2,24,243436
3436,303,2,24,406000
3437,304,2,24,391000
3438,280,2,24,268066
3439,305,2,24,223583
3440,306,2,24,483133
3441,307,2,24,254930
3442,308,2,24,412000
3443,309,2,24,240666
3444,310,2,24,275015
3445,311,2,24,526696
3446,312,2,24,561967
3447,313,2,24,132932
3448,314,2,24,69194
3449,315,2,24,120000
3450,316,2,24,253422
3451,317,2,25,174813
3452,318,4,24,101293
3453,319,2,24,253281
3454,320,2,24,362933
3455,321,2,14,213240
3456,321,2,14,256946
3457,321,2,14,151706
3458,321,2,14,191933
3459,321,2,14,240320
3460,321,2,14,154386
3461,321,2,14,185293
3462,321,2,14,221413
3463,321,2,14,141520
3464,321,2,14,166680
3465,321,2,14,202320
3466,321,2,14,418293
3467,322,2,9,234200
3468,322,2,9,409906
3469,322,2,9,200253
3470,322,2,9,129666
3471,322,2,9,167933
3472,322,2,9,315960
3473,322,2,9,199160
3474,322,2,9,204846
3475,322,2,9,209573
3476,322,2,9,300884
3477,322,2,9,663426
3478,323,2,23,215386
3479,324,4,24,339567
3480,325,4,24,299350
3481,326,2,24,387826
3482,327,2,24,225933
3483,328,2,24,110266
3484,329,2,24,289388
3485,330,2,24,567494
3486,331,2,24,364296
3487,332,2,24,385506
3488,333,2,24,142081
3489,334,2,24,376510
3490,335,2,24,285673
3491,336,2,24,234746
3492,314,2,24,133768
3493,337,2,24,333669
3494,338,2,24,286998
3495,339,2,24,265541
3496,340,4,24,51780
3497,341,2,24,261849
3498,342,4,24,493573
3499,343,2,24,286741
3500,344,2,24,139200
3501,345,2,24,66639
3502,346,2,24,221331
3503,347,2,10,206005
